{
	"IcoMoonType": "selection",
	"icons": [
		{
			"icon": {
				"paths": [
					"M925.714 233.143q-38.286 56-92.571 95.429 0.571 8 0.571 24 0 74.286-21.714 148.286t-66 142-105.429 120.286-147.429 83.429-184.571 31.143q-154.857 0-283.429-82.857 20 2.286 44.571 2.286 128.571 0 229.143-78.857-60-1.143-107.429-36.857t-65.143-91.143q18.857 2.857 34.857 2.857 24.571 0 48.571-6.286-64-13.143-106-63.714t-42-117.429v-2.286q38.857 21.714 83.429 23.429-37.714-25.143-60-65.714t-22.286-88q0-50.286 25.143-93.143 69.143 85.143 168.286 136.286t212.286 56.857q-4.571-21.714-4.571-42.286 0-76.571 54-130.571t130.571-54q80 0 134.857 58.286 62.286-12 117.143-44.571-21.143 65.714-81.143 101.714 53.143-5.714 106.286-28.571z"
				],
				"width": 950.8560180664062,
				"attrs": [],
				"isMulticolor": false,
				"tags": [
					"twitter"
				],
				"defaultCode": 61593,
				"grid": 14
			},
			"attrs": [],
			"properties": {
				"id": 144,
				"order": 1,
				"name": "twitter",
				"prevSize": 28,
				"code": 61593
			},
			"setIdx": 0,
			"setId": 1,
			"iconIdx": 144
		},
		{
			"icon": {
				"paths": [
					"M877.714 512q0 143.429-83.714 258t-216.286 158.571q-15.429 2.857-22.571-4t-7.143-17.143v-120.571q0-55.429-29.714-81.143 32.571-3.429 58.571-10.286t53.714-22.286 46.286-38 30.286-60 11.714-86q0-69.143-45.143-117.714 21.143-52-4.571-116.571-16-5.143-46.286 6.286t-52.571 25.143l-21.714 13.714q-53.143-14.857-109.714-14.857t-109.714 14.857q-9.143-6.286-24.286-15.429t-47.714-22-49.143-7.714q-25.143 64.571-4 116.571-45.143 48.571-45.143 117.714 0 48.571 11.714 85.714t30 60 46 38.286 53.714 22.286 58.571 10.286q-22.857 20.571-28 58.857-12 5.714-25.714 8.571t-32.571 2.857-37.429-12.286-31.714-35.714q-10.857-18.286-27.714-29.714t-28.286-13.714l-11.429-1.714q-12 0-16.571 2.571t-2.857 6.571 5.143 8 7.429 6.857l4 2.857q12.571 5.714 24.857 21.714t18 29.143l5.714 13.143q7.429 21.714 25.143 35.143t38.286 17.143 39.714 4 31.714-2l13.143-2.286q0 21.714 0.286 50.857t0.286 30.857q0 10.286-7.429 17.143t-22.857 4q-132.571-44-216.286-158.571t-83.714-258q0-119.429 58.857-220.286t159.714-159.714 220.286-58.857 220.286 58.857 159.714 159.714 58.857 220.286z"
				],
				"width": 877.7155405680533,
				"attrs": [],
				"isMulticolor": false,
				"tags": [
					"github"
				],
				"defaultCode": 61595,
				"grid": 14
			},
			"attrs": [],
			"properties": {
				"id": 146,
				"order": 4,
				"name": "github",
				"prevSize": 28,
				"code": 61595
			},
			"setIdx": 0,
			"setId": 1,
			"iconIdx": 146
		},
		{
			"icon": {
				"paths": [
					"M585.143 857.143q-24-137.714-80-284.571h-1.143l-1.143 0.571q-9.143 3.429-24.571 9.429t-57.714 28-78.286 46.857-74.857 65.429-58.857 84.571l-8.571-6.286q105.143 85.714 238.857 85.714 75.429 0 146.286-29.714zM479.429 510.286q-12-28-30.286-63.429-177.714 53.143-384.571 53.143-0.571 4-0.571 12 0 70.857 25.143 135.143t70.857 115.143q28.571-50.857 70.571-95.143t81.429-71.143 74.571-46.286 56.857-27.429l21.143-7.429q2.286-0.571 7.429-2t7.429-2.571zM418.286 389.143q-68.571-121.714-139.429-216-78.857 37.143-133.714 106.286t-73.143 155.429q172.571 0 346.286-45.714zM809.143 571.429q-120-34.286-233.714-16.571 49.714 136.571 73.143 268 63.429-42.857 105.714-108.286t54.857-143.143zM349.143 148q-0.571 0-1.143 0.571 0.571-0.571 1.143-0.571zM686.286 230.857q-105.714-93.714-247.429-93.714-43.429 0-88.571 10.857 74.857 97.143 140.571 218.286 39.429-14.857 74.286-34.571t55.143-35.143 37.429-32.571 21.429-23.143zM813.714 508q-1.714-132.571-85.143-234.286l-0.571 0.571q-5.143 6.857-10.857 14t-24.857 25.429-40.571 34.571-57.143 37.143-75.143 36.857q14.286 30.286 25.143 54.286 1.143 3.429 3.714 10t4.286 9.429q20.571-2.857 42.571-4t42-1.143 39.429 0.857 36.571 2.286 32.286 3.143 27.429 3.714 20.857 3.429 14.286 2.571zM877.714 512q0 119.429-58.857 220.286t-159.714 159.714-220.286 58.857-220.286-58.857-159.714-159.714-58.857-220.286 58.857-220.286 159.714-159.714 220.286-58.857 220.286 58.857 159.714 159.714 58.857 220.286z"
				],
				"width": 877.7140070597306,
				"attrs": [],
				"isMulticolor": false,
				"tags": [
					"dribbble"
				],
				"defaultCode": 61821,
				"grid": 14
			},
			"attrs": [],
			"properties": {
				"id": 344,
				"order": 3,
				"name": "dribbble",
				"prevSize": 28,
				"code": 61821
			},
			"setIdx": 0,
			"setId": 1,
			"iconIdx": 344
		},
		{
			"icon": {
				"paths": [
					"M1056 193.714h-292v70.857h292v-70.857zM912 437.143q-51.429 0-83.429 30t-35.429 81.429h233.143q-10.286-111.429-114.286-111.429zM921.143 771.429q36 0 69.714-18.286t43.429-49.714h126.286q-57.143 175.429-244 175.429-122.286 0-194.571-75.429t-72.286-198.286q0-118.857 74.571-197.429t192.286-78.571q78.857 0 137.429 38.857t87.429 102.286 28.857 141.714q0 9.714-1.143 26.857h-376q0 63.429 32.857 98t95.143 34.571zM158.286 742.857h169.143q117.143 0 117.143-95.429 0-102.857-113.714-102.857h-172.571v198.286zM158.286 436h160.571q44.571 0 70.571-20.857t26-64.857q0-82.286-108.571-82.286h-148.571v168zM0 145.143h339.429q49.714 0 88.571 8t72.286 27.143 51.429 55.143 18 88q0 103.429-98.286 150.286 65.143 18.286 98.286 65.714t33.143 116.571q0 42.857-14 78t-37.714 59.143-56.286 40.571-69.143 24-76.571 7.429h-349.143v-720z"
				],
				"width": 1170.2869873046875,
				"attrs": [],
				"isMulticolor": false,
				"tags": [
					"behance"
				],
				"defaultCode": 61876,
				"grid": 14
			},
			"attrs": [],
			"properties": {
				"id": 395,
				"order": 2,
				"name": "behance",
				"prevSize": 28,
				"code": 61876
			},
			"setIdx": 0,
			"setId": 1,
			"iconIdx": 395
		}
	],
	"height": 1024,
	"metadata": {
		"name": "icomoon"
	},
	"preferences": {
		"showGlyphs": true,
		"showQuickUse": true,
		"showQuickUse2": true,
		"showSVGs": true,
		"fontPref": {
			"prefix": "icon-",
			"metadata": {
				"fontFamily": "icomoon",
				"majorVersion": 1,
				"minorVersion": 0
			},
			"metrics": {
				"emSize": 512,
				"baseline": 6.25,
				"whitespace": 50
			},
			"embed": false,
			"showSelector": false,
			"showMetadata": false,
			"showMetrics": false,
			"noie8": false,
			"ie7": false
		},
		"imagePref": {
			"prefix": "icon-",
			"png": true,
			"useClassSelector": true,
			"color": 4473924,
			"bgColor": 16777215,
			"classSelector": ".icon"
		},
		"historySize": 100,
		"showCodes": true,
		"gridSize": 16
	}
}